{"loss": 0.37254515290260315, "train acc": 84.125, "test acc": 85.125, "_timestamp": 1720291251.4154072, "_runtime": 33.10670614242554, "_step": 4999, "_wandb": {"runtime": 32}}