{"loss": 0.3880867063999176, "train acc": 83.5, "test acc": 83.25, "_timestamp": 1720291331.7901542, "_runtime": 34.030468225479126, "_step": 4999, "_wandb": {"runtime": 33}}