{"loss": 0.3642050623893738, "train acc": 84.125, "test acc": 83.625, "_timestamp": 1720291496.1689827, "_runtime": 66.97280383110046, "_step": 9999, "_wandb": {"runtime": 67}}