{"loss": 0.37303322553634644, "_timestamp": 1720290915.2712283, "_runtime": 16.544053316116333, "_step": 4999, "_wandb": {"runtime": 15}}