{"loss": 0.3375577926635742, "train acc": 85.375, "test acc": 86.625, "_timestamp": 1720291666.4572954, "_runtime": 65.94976353645325, "_step": 9999, "_wandb": {"runtime": 65}}